BÃ¶lÃ¼m,BaÅŸlÄ±k,AÃ§Ä±klama,Durum,Ã–ncelik
ğŸ¯ Objectives,Sistem hedeflerinin tanÄ±mlanmasÄ±,Sistem mÃ¼hendisliÄŸi vizyonu ve hedeflerin belirlenmesi,To Do,High
ğŸ¯ Objectives,Gereksinim toplama,"KullanÄ±cÄ±, mÃ¼ÅŸteri ve iÅŸ hedeflerine gÃ¶re gereksinimlerin Ã§Ä±karÄ±lmasÄ±",To Do,High
ğŸ§© Analysis & Design,Gereksinim analizi,Fonksiyonel ve fonksiyonel olmayan gereksinimlerin modellenmesi,In Progress,Medium
ğŸ§© Analysis & Design,Use Case tanÄ±mlarÄ±,Sistem modÃ¼llerinin kullanÄ±m senaryolarÄ± oluÅŸturulacak,To Do,High
ğŸ§© Analysis & Design,Sistem mimarisi tasarÄ±mÄ±,"DonanÄ±m, yazÄ±lÄ±m, veri akÄ±ÅŸÄ±, API tasarÄ±mÄ±",To Do,High
ğŸ§© Analysis & Design,RTM oluÅŸturma,Gereksinimâ€“test izlenebilirlik matrisi hazÄ±rlanacak,To Do,Medium
âš™ï¸ Implementation,ModÃ¼l geliÅŸtirme,Her modÃ¼l iÃ§in kodlama ve birim test sÃ¼reci,To Do,High
âš™ï¸ Implementation,Continuous Integration,"CI/CD pipeline kurulumu (GitHub Actions, Terraform vb.)",To Do,Medium
âš™ï¸ Implementation,Kod inceleme,Kod kalitesinin ekip iÃ§i review ile denetlenmesi,To Do,Low
ğŸ§ª Verification & Validation,Test senaryolarÄ±,Gereksinimlere uygun testlerin hazÄ±rlanmasÄ±,To Do,High
ğŸ§ª Verification & Validation,Performans testleri,"YÃ¼k, stres ve kapasite testleri yapÄ±lacak",To Do,Medium
ğŸ§ª Verification & Validation,GÃ¼venlik testleri,"Zafiyet analizi, penetration test, CodeQL taramasÄ±",To Do,Medium
ğŸš€ Deployment & Maintenance,YayÄ±na alma,Sistem bileÅŸenlerinin production ortamÄ±na geÃ§iÅŸi,To Do,High
ğŸš€ Deployment & Maintenance,GÃ¶zlemleme,"Log, izleme, uyarÄ± sistemlerinin konfigÃ¼rasyonu",To Do,Medium
ğŸš€ Deployment & Maintenance,SÃ¼rekli bakÄ±m,Yeni gereksinim ve hata dÃ¼zeltmeleri,To Do,Medium
